BK1,20/03/2003,20/04/2003,20/05/2003,CUS-0001,SVVL-0001
BK2,20/04/2003,20/05/2003,20/06/2003,CUS-0002,SVHO-0004
BK3,20/07/2003,20/08/2003,20/09/2003,CUS-0003,SVRO-0006
BK4,20/04/2004,20/05/2005,20/06/2005,CUS-0004,SVRO-0009
BK5,26/12/2020,27/12/2020,27/01/2021,CUS-0007,SVRO-0003
BK6,11/02/2000,12/02/2000,19/02/2000,CUS-0006,SVVL-0001
BK7,26/10/2024,27/11/2024,30/11/2024,CUS-0003,SVHO-0003
BK6,11/02/2000,12/02/2000,19/02/2000,CUS-0006,SVVL-0001
BK1,20/03/2003,20/04/2003,20/05/2003,CUS-0001,SVVL-0001
BK2,20/04/2003,20/05/2003,20/06/2003,CUS-0002,SVHO-0004
BK3,20/07/2003,20/08/2003,20/09/2003,CUS-0003,SVRO-0006
BK4,20/04/2004,20/05/2005,20/06/2005,CUS-0004,SVRO-0009
BK5,26/12/2020,27/12/2020,27/01/2021,CUS-0007,SVRO-0003
BK7,26/10/2024,27/11/2024,30/11/2024,CUS-0003,SVHO-0003
BK8,26/12/2024,27/12/2024,31/12/2024,CUS-0009,SVRO-0003
